Workbook

Sheet CONSOLIDADO
B2: N. ELEM {KG} | C2: N. ELEM {MC} | D2: TP | E2: TN | F2: FN | G2: FP | H2: COMPATÍVEIS | I2: INCOMPATÍVEIS | J2: PRECISÃO | K2: COBERTURA | L2: ACURÁCIA
A3: ENTIDADES | B3: =GRAFO!J2 -> 18 | C3: =MODELAGEM_1!N4 -> 16 | D3: =MODELAGEM_1!O4 -> 7 | E3: =MODELAGEM_1!P4 -> 7 | F3: =B3-D3 -> 11 | G3: =C3-D3 -> 9 | H3: =D3+E3 -> 14 | I3: =F3+G3 -> 20 | J3: =D3/(D3+G3) -> 0.4375 | K3: =D3/(D3+F3) -> 0.38888889 | L3: =(D3+E3)/(D3+E3+F3+G3) -> 0.41176471
A4: RELAÇÕES (SR) | B4: =GRAFO!J3 -> 20 | C4: =MODELAGEM_1!N5 -> 16 | D4: =MODELAGEM_1!O5 -> 3 | E4: =MODELAGEM_1!P5 -> 3 | F4: =B4-D4 -> 17 | G4: =C4-D4 -> 13 | H4: =D4+E4 -> 6 | I4: =F4+G4 -> 30 | J4: =D4/(D4+G4) -> 0.1875 | K4: =D4/(D4+F4) -> 0.15 | L4: =(D4+E4)/(D4+E4+F4+G4) -> 0.16666667
A5: RELAÇÕES (CR) | B5: =GRAFO!J3 -> 20 | C5: =MODELAGEM_1!N6 -> 16 | D5: =MODELAGEM_1!O6 -> 0 | E5: =MODELAGEM_1!P6 -> 0 | F5: =B5-D5 -> 20 | G5: =C5-D5 -> 16 | H5: =D5+E5 -> 0 | I5: =F5+G5 -> 36 | J5: =D5/(D5+G5) -> 0 | K5: =D5/(D5+F5) -> 0 | L5: =(D5+E5)/(D5+E5+F5+G5) -> 0

Sheet GRAFO
A1: ENTIDADES IDENTIFICADAS NO GRAFO (ETAPA 1) | C1: TRIPLAS | G1: RELAÇÕES | I1: RESULTADOS | L1: entity+entity | M1: entity+relation+entity
A2: ataque_oportunidade | C2: ataque_coordenado | D2: rdfs:seeAlso | E2: ataque_oportunidade | G2: rdf:type | I2: N. ENTIDADES: | J2: =COUNTA(A2:A30) -> 18 | L2: =C2 & "-" & E2 -> ataque_coordenado-ataque_oportunidade | M2: =C2 & "-" & D2 & "-" & E2 -> ataque_coordenado-rdfs:seeAlso-ataque_oportunidade
A3: ataque_secundario | C3: ataque_coordenado | D3: rdfs:seeAlso | E3: ataque_secundario | G3: rdfs:Class | I3: N. RELAÇÕES: | J3: =COUNTA(C2:C42) -> 20 | L3: =C3 & "-" & E3 -> ataque_coordenado-ataque_secundario | M3: =C3 & "-" & D3 & "-" & E3 -> ataque_coordenado-rdfs:seeAlso-ataque_secundario
A4: ataque_coordenado | C4: acao_de_choque | D4: rdfs:seeAlso | E4: ataque_coordenado | G4: rdfs:subClassOf | L4: =C4 & "-" & E4 -> acao_de_choque-ataque_coordenado | M4: =C4 & "-" & D4 & "-" & E4 -> acao_de_choque-rdfs:seeAlso-ataque_coordenado
A5: acao_de_choque | C5: acao_de_choque | D5: c2rm:applied_to | E5: blindados | G5: rdfs:seeAlso | L5: =C5 & "-" & E5 -> acao_de_choque-blindados | M5: =C5 & "-" & D5 & "-" & E5 -> acao_de_choque-c2rm:applied_to-blindados
A6: blindados | C6: acao_de_choque | D6: c2rm:applied_to | E6: inimigo | G6: rdfs:comment | L6: =C6 & "-" & E6 -> acao_de_choque-inimigo | M6: =C6 & "-" & D6 & "-" & E6 -> acao_de_choque-c2rm:applied_to-inimigo
A7: inimigo | C7: comandante | D7: c2rm:responsible_for | E7: operacao_ofensiva | G7: owl:equivalentClass | L7: =C7 & "-" & E7 -> comandante-operacao_ofensiva | M7: =C7 & "-" & D7 & "-" & E7 -> comandante-c2rm:responsible_for-operacao_ofensiva
A8: comandante | C8: operacao_ofensiva | D8: c2rm:applied_to | E8: inimigo | G8: c2rm:applied_to | L8: =C8 & "-" & E8 -> operacao_ofensiva-inimigo | M8: =C8 & "-" & D8 & "-" & E8 -> operacao_ofensiva-c2rm:applied_to-inimigo
A9: operacao_ofensiva | C9: operacao_ofensiva | D9: rdfs:subClassOf | E9: operacao_militar | G9: c2rm:responsible_for | L9: =C9 & "-" & E9 -> operacao_ofensiva-operacao_militar | M9: =C9 & "-" & D9 & "-" & E9 -> operacao_ofensiva-rdfs:subClassOf-operacao_militar
A10: movimento | C10: operacao_ofensiva | D10: rdfs:subClassOf | E10: ataque | L10: =C10 & "-" & E10 -> operacao_ofensiva-ataque | M10: =C10 & "-" & D10 & "-" & E10 -> operacao_ofensiva-rdfs:subClassOf-ataque
A11: fogo | C11: marcha_combate | D11: rdfs:subClassOf | E11: operacao_ofensiva | L11: =C11 & "-" & E11 -> marcha_combate-operacao_ofensiva | M11: =C11 & "-" & D11 & "-" & E11 -> marcha_combate-rdfs:subClassOf-operacao_ofensiva
A12: poder_de_combate | C12: perseguicao | D12: rdf:type | E12: operacao_ofensiva | L12: =C12 & "-" & E12 -> perseguicao-operacao_ofensiva | M12: =C12 & "-" & D12 & "-" & E12 -> perseguicao-rdf:type-operacao_ofensiva
A13: operacao_militar | C13: reconhecimento_em_forca | D13: rdfs:subClassOf | E13: operacao_ofensiva | L13: =C13 & "-" & E13 -> reconhecimento_em_forca-operacao_ofensiva | M13: =C13 & "-" & D13 & "-" & E13 -> reconhecimento_em_forca-rdfs:subClassOf-operacao_ofensiva
A14: ataque | C14: aproveitamento_do_exito | D14: rdfs:subClassOf | E14: operacao_ofensiva | L14: =C14 & "-" & E14 -> aproveitamento_do_exito-operacao_ofensiva | M14: =C14 & "-" & D14 & "-" & E14 -> aproveitamento_do_exito-rdfs:subClassOf-operacao_ofensiva
A15: marcha_combate | C15: operacao_ofensiva | D15: rdfs:seeAlso | E15: poder_de_combate | L15: =C15 & "-" & E15 -> operacao_ofensiva-poder_de_combate | M15: =C15 & "-" & D15 & "-" & E15 -> operacao_ofensiva-rdfs:seeAlso-poder_de_combate
A16: perseguicao | C16: operacao_ofensiva | D16: rdfs:seeAlso | E16: movimento | L16: =C16 & "-" & E16 -> operacao_ofensiva-movimento | M16: =C16 & "-" & D16 & "-" & E16 -> operacao_ofensiva-rdfs:seeAlso-movimento
A17: reconhecimento_em_forca | C17: operacao_ofensiva | D17: rdfs:seeAlso | E17: fogo | L17: =C17 & "-" & E17 -> operacao_ofensiva-fogo | M17: =C17 & "-" & D17 & "-" & E17 -> operacao_ofensiva-rdfs:seeAlso-fogo
A18: aproveitamento_do_exito | C18: ataque_coordenado | D18: rdfs:seeAlso | E18: movimento | L18: =C18 & "-" & E18 -> ataque_coordenado-movimento | M18: =C18 & "-" & D18 & "-" & E18 -> ataque_coordenado-rdfs:seeAlso-movimento
A19: radio_cognitivo | C19: ataque_coordenado | D19: rdfs:seeAlso | E19: fogo | L19: =C19 & "-" & E19 -> ataque_coordenado-fogo | M19: =C19 & "-" & D19 & "-" & E19 -> ataque_coordenado-rdfs:seeAlso-fogo
C20: ataque_coordenado | D20: rdfs:seeAlso | E20: operacao_ofensiva | L20: =C20 & "-" & E20 -> ataque_coordenado-operacao_ofensiva | M20: =C20 & "-" & D20 & "-" & E20 -> ataque_coordenado-rdfs:seeAlso-operacao_ofensiva
C21: radio_cognitivo | D21: c2rm:applied_to | E21: operacao_ofensiva | L21: =C21 & "-" & E21 -> radio_cognitivo-operacao_ofensiva | M21: =C21 & "-" & D21 & "-" & E21 -> radio_cognitivo-c2rm:applied_to-operacao_ofensiva
L22: =C22 & "-" & E22 -> - | M22: =C22 & "-" & D22 & "-" & E22 -> --
L23: =C23 & "-" & E23 -> - | M23: =C23 & "-" & D23 & "-" & E23 -> --
L24: =C24 & "-" & E24 -> - | M24: =C24 & "-" & D24 & "-" & E24 -> --
L25: =C25 & "-" & E25 -> - | M25: =C25 & "-" & D25 & "-" & E25 -> --
L26: =C26 & "-" & E26 -> - | M26: =C26 & "-" & D26 & "-" & E26 -> --
L27: =C27 & "-" & E27 -> - | M27: =C27 & "-" & D27 & "-" & E27 -> --
L28: =C28 & "-" & E28 -> - | M28: =C28 & "-" & D28 & "-" & E28 -> --
L29: =C29 & "-" & E29 -> - | M29: =C29 & "-" & D29 & "-" & E29 -> --
L30: =C30 & "-" & E30 -> - | M30: =C30 & "-" & D30 & "-" & E30 -> --
L31: =C31 & "-" & E31 -> - | M31: =C31 & "-" & D31 & "-" & E31 -> --
L32: =C32 & "-" & E32 -> - | M32: =C32 & "-" & D32 & "-" & E32 -> --
L33: =C33 & "-" & E33 -> - | M33: =C33 & "-" & D33 & "-" & E33 -> --
... L41: =C41 & "-" & E41 -> - | M41: =C41 & "-" & D41 & "-" & E41 -> --

Sheet MODELAGEM_1
A1: ATIVIDADE 1: Mapear entidades | D1: ATIVIDADE 3: Mapear triplas (ME x MR)
A2: Entidades de MC(Ei) | B2: Entidades de KG(Ek) | D2: Sujeito MC (Ei_1) | E2: Predicado KG (Rj) | F2: Objeto MC (Ei_2) | J2: RELAÇÕES | Y2: ENTIDADES_GRAFO
A3: operational_element | D3: operational_location | E3: associação | F3: operational_element | J3: rdf:type | M3: N. ELEM {A} | N3: N. ELEM {B} | O3: TP | P3: TN | Q3: FN | R3: FP | S3: ACERTOS | T3: ERROS | U3: PRECISÃO | V3: COBERTURA | W3: ACURÁCIA | Y3: =GRAFO!A2 -> ataque_oportunidade
A4: enemy_operational_element | D4: enemy_operational_element | E4: especialização | F4: operational_element | K4: B | L4: ENTIDADES | M4: =GRAFO!J2 -> 18 | N4: =COUNTA(A3:A30) -> 16 | O4: =COUNTIF(B3:B29,"<>"&"") -> 7 | P4: =N4-R4 -> 7 | Q4: =M4-O4 -> 11 | R4: =N4-O4 -> 9 | S4: =O4+P4 -> 14 | T4: =Q4+R4 -> 20 | U4: =O4/(O4+R4) -> 0.4375 | V4: =O4/(O4+Q4) -> 0.38888889 | W4: =(O4+P4)/(O4+P4+Q4+R4) -> 0.41176471 | X4: =AVERAGE(U4:W4) -> 0.41271786 | Y4: =GRAFO!A3 -> ataque_secundario
A5: cognitive_radio | B5: radio_cognitivo | D5: cognitive_radio | E5: especialização | F5: operational_element | L5: RELAÇÕES (SR) | M5: =GRAFO!J3 -> 20 | N5: =COUNTA(D35:D50) -> 16 | O5: =COUNTIF(M35:M50,"=1") -> 3 | P5: =N5-R5 -> 3 | Q5: =M5-O5 -> 17 | R5: =N5-O5 -> 13 | S5: =O5+P5 -> 6 | T5: =Q5+R5 -> 30 | U5: =O5/(O5+R5) -> 0.1875 | V5: =O5/(O5+Q5) -> 0.15 | W5: =(O5+P5)/(O5+P5+Q5+R5) -> 0.16666667 | X5: =AVERAGE(U5:W5) -> 0.16805556 | Y5: =GRAFO!A4 -> ataque_coordenado
A6: operational_location | D6: operational_element | E6: associação | F6: offensive_operation | L6: RELAÇÕES (CR) | M6: 41 | N6: =COUNTA(D35:D50) -> 16 | O6: =COUNTIF(U35:U50,"=1") -> 0 | P6: =N6-R6 -> 0 | Q6: =M6-O6 -> 41 | R6: =N6-O6 -> 16 | S6: =O6+P6 -> 0 | T6: =Q6+R6 -> 57 | U6: =O6/(O6+R6) -> 0 | V6: =O6/(O6+Q6) -> 0 | W6: =(O6+P6)/(O6+P6+Q6+R6) -> 0 | X6: =AVERAGE(U6:W6) -> 0 | Y6: =GRAFO!A5 -> acao_de_choque
A7: tactical_operation_scenario | D7: basic_operation | E7: especialização | F7: military_operation | X7: =AVERAGE(X4:X6) -> 0.19359114 | Y7: =GRAFO!A6 -> blindados
A8: offensive_operation | B8: operacao_ofensiva | D8: complementary_operation | E8: especialização | F8: military_operation | Y8: =GRAFO!A7 -> inimigo
A9: assembly_area_meeting_operation | D9: defensive_operation | E9: especialização | F9: basic_operation | K9: A | L9: A_E (GRAFO) | N9: =GRAFO!J2 -> 18 | Y9: =GRAFO!A8 -> comandante
A10: movement_contact_operation | B10: marcha_combate | D10: military_operation | E10: especialização | F10: basic_operation | K10: B | L10: B_E (M1) | N10: =N4 -> 16 | Y10: =GRAFO!A9 -> operacao_ofensiva
A11: organized_offensive_operation | B11: ataque_coordenado | D11: basic_operation | E11: composicao | F11: complementary_operation | K11: TP | L11: (A INT B) | N11: 16 | Y11: =GRAFO!A10 -> movimento
A12: explotation_follow_up_operation | B12: aproveitamento_do_exito | D12: tactical_operation_scenario | E12: associação | F12: offensive_operation | K12: FN | L12: A-(A INT B) | M12: A-TP | N12: =N9-N11 -> 2 | Y12: =GRAFO!A11 -> fogo
A13: military_operation | B13: operacao_militar | D13: assembly_area_meeting_operation | E13: composicao | F13: offensive_operation | K13: FP | L13: B-(A INT B) | M13: B-TP | Y13: =GRAFO!A12 -> poder_de_combate
A14: basic_operation | D14: movement_contact_operation | E14: composicao | F14: offensive_operation | K14: TN | M14: B-FP | Y14: =GRAFO!A13 -> operacao_militar
A15: complementary_operation | D15: organized_offensive_operation | E15: composicao | F15: offensive_operation | K15: P | M15: VP/(VP+FP) | Y15: =GRAFO!A14 -> ataque
A16: defensive_operation | D16: explotation_follow_up_operation | E16: composicao | F16: offensive_operation | K16: R | M16: VP/(VP+FN) | Y16: =GRAFO!A15 -> marcha_combate
A17: traffic_control_operation | D17: movement_contact_operation | E17: composicao | F17: traffic_control_operation | K17: F1 | M17: (2 X P X C) / (P+C) | Y17: =GRAFO!A16 -> perseguicao
A18: initial_reconmaissance_operation | B18: reconhecimento_em_forca | D18: movement_contact_operation | E18: composicao | F18: initial_reconmaissance_operation | K18: ACERTOS | M18: VP+VN | Y18: =GRAFO!A17 -> reconhecimento_em_forca
K19: ERROS | M19: FP+FN | Y19: =GRAFO!A18 -> aproveitamento_do_exito
K20: ACURACIA | M20: (VP+VN)/(VP+FN+VN+FP) | Y20: =GRAFO!A19 -> radio_cognitivo
A33: ATIVIDADE 2: Mapear relações | D33: ATIVIDADE 4: Relacionar triplas (MC x KG) | I33: ATIVIDADE 5: Validar pares de entidades nas triplas | O33: ATIVIDADE 6: Validar triplas completas (Ei_1, Rj x Ei_2)
A34: Relação de MC(Ri) | B34: Relação de KG(Rj) | C34: MATCH DE CLASSES | D34: Sujeito MC (Ei_1) | E34: Predicado KG (Rj) | F34: Objeto MC (Ei_2) | G34: Achou? | I34: Pares de entidades (Ei_1, Ei_2) | L34: Se o par (Ei_1 e Ei_2) Existe no Par_de_ Lista_Entidades_do_KG | O34: Tripla (Ei_1, Rj, Ei_2) | T34: Se Tripla Existe nas Triplas do KG
A35: especialização | B35: rdfs:subClassOf | C35: =IF(INDEX($A$3:$B$30,MATCH(D3,$A$3:$A$30,0),2)<>0,"OK","NOK") -> NOK | D35: =IF(INDEX($A$3:$B$30,MATCH(D3,$A$3:$A$30,0),2)<>0,INDEX($A$3:$B$30,MATCH(D3,$A$3:$A$30,0),2),D3) -> operational_location | E35: =IF(INDEX($A$35:$B$42,MATCH(E3,$A$35:$A$42,0),2)<>0,INDEX($A$35:$B$42,MATCH(E3,$A$35:$A$42,0),2),E3) -> rdfs:seeAlso | F35: =IF(INDEX($A$3:$B$30,MATCH(F3,$A$3:$A$30,0),2)<>0,INDEX($A$3:$B$30,MATCH(F3,$A$3:$A$30,0),2),F3) -> operational_element | G35: =IF(INDEX($A$3:$B$30,MATCH(F3,$A$3:$A$30,0),2)<>0,"OK","NOK") -> NOK | H35: =COUNTIFS(GRAFO!C2:C42,"=D34",GRAFO!E2:E42,"=F34") -> 0 | I35: =D35 &"-"&F35 -> operational_location-operational_element | L35: =IF(INDEX(GRAFO!$L$2:'GRAFO'!$L$21,MATCH(I35,GRAFO!$L$2:'GRAFO'!$L$21,0),1)<>0,1,0) -> #N/A | M35: =IFERROR(L35,0) -> 0 | O35: =D35 & "-" & E35 & "-" & F35 -> operational_location-rdfs:seeAlso-operational_element | T35: =IF(INDEX(GRAFO!$M$2:'GRAFO'!$M$41,MATCH(O35,GRAFO!$M$2:'GRAFO'!$M$41,0),1)<>0,1,0) -> #N/A | U35: =IFERROR(T35,0) -> 0
A36: associação | B36: rdfs:seeAlso | C36: =IF(INDEX($A$3:$B$30,MATCH(D4,$A$3:$A$30,0),2)<>0,"OK","NOK") -> NOK | D36: =IF(INDEX($A$3:$B$30,MATCH(D4,$A$3:$A$30,0),2)<>0,INDEX($A$3:$B$30,MATCH(D4,$A$3:$A$30,0),2),D4) -> enemy_operational_element | E36: =IF(INDEX($A$35:$B$42,MATCH(E4,$A$35:$A$42,0),2)<>0,INDEX($A$35:$B$42,MATCH(E4,$A$35:$A$42,0),2),E4) -> rdfs:subClassOf | F36: =IF(INDEX($A$3:$B$30,MATCH(F4,$A$3:$A$30,0),2)<>0,INDEX($A$3:$B$30,MATCH(F4,$A$3:$A$30,0),2),F4) -> operational_element | G36: =IF(INDEX($A$3:$B$30,MATCH(F4,$A$3:$A$30,0),2)<>0,"OK","NOK") -> NOK | I36: =D36 &"-"&F36 -> enemy_operational_element-operational_element | L36: =IF(INDEX(GRAFO!$L$2:'GRAFO'!$L$41,MATCH(I36,GRAFO!$L$2:'GRAFO'!$L$41,0),1)<>0,1,0) -> #N/A | M36: =IFERROR(L36,0) -> 0 | O36: =D36 & "-" & E36 & "-" & F36 -> enemy_operational_element-rdfs:subClassOf-operational_element | T36: =IF(INDEX(GRAFO!$M$2:'GRAFO'!$M$41,MATCH(O36,GRAFO!$M$2:'GRAFO'!$M$41,0),1)<>0,1,0) -> #N/A | U36: =IFERROR(T36,0) -> 0
A37: composicao | B37: rdfs:Bag | C37: =IF(INDEX($A$3:$B$30,MATCH(D5,$A$3:$A$30,0),2)<>0,"OK","NOK") -> OK | D37: =IF(INDEX($A$3:$B$30,MATCH(D5,$A$3:$A$30,0),2)<>0,INDEX($A$3:$B$30,MATCH(D5,$A$3:$A$30,0),2),D5) -> radio_cognitivo | E37: =IF(INDEX($A$35:$B$42,MATCH(E5,$A$35:$A$42,0),2)<>0,INDEX($A$35:$B$42,MATCH(E5,$A$35:$A$42,0),2),E5) -> rdfs:subClassOf | F37: =IF(INDEX($A$3:$B$30,MATCH(F5,$A$3:$A$30,0),2)<>0,INDEX($A$3:$B$30,MATCH(F5,$A$3:$A$30,0),2),F5) -> operational_element | G37: =IF(INDEX($A$3:$B$30,MATCH(F5,$A$3:$A$30,0),2)<>0,"OK","NOK") -> NOK | I37: =D37 &"-"&F37 -> radio_cognitivo-operational_element | L37: =IF(INDEX(GRAFO!$L$2:'GRAFO'!$L$41,MATCH(I37,GRAFO!$L$2:'GRAFO'!$L$41,0),1)<>0,1,0) -> #N/A | M37: =IFERROR(L37,0) -> 0 | O37: =D37 & "-" & E37 & "-" & F37 -> radio_cognitivo-rdfs:subClassOf-operational_element | T37: =IF(INDEX(GRAFO!$M$2:'GRAFO'!$M$41,MATCH(O37,GRAFO!$M$2:'GRAFO'!$M$41,0),1)<>0,1,0) -> #N/A | U37: =IFERROR(T37,0) -> 0
C38: =IF(INDEX($A$3:$B$30,MATCH(D6,$A$3:$A$30,0),2)<>0,"OK","NOK") -> NOK | D38: =IF(INDEX($A$3:$B$30,MATCH(D6,$A$3:$A$30,0),2)<>0,INDEX($A$3:$B$30,MATCH(D6,$A$3:$A$30,0),2),D6) -> operational_element | E38: =IF(INDEX($A$35:$B$42,MATCH(E6,$A$35:$A$42,0),2)<>0,INDEX($A$35:$B$42,MATCH(E6,$A$35:$A$42,0),2),E6) -> rdfs:seeAlso | F38: =IF(INDEX($A$3:$B$30,MATCH(F6,$A$3:$A$30,0),2)<>0,INDEX($A$3:$B$30,MATCH(F6,$A$3:$A$30,0),2),F6) -> operacao_ofensiva | G38: =IF(INDEX($A$3:$B$30,MATCH(F6,$A$3:$A$30,0),2)<>0,"OK","NOK") -> OK | I38: =D38 &"-"&F38 -> operational_element-operacao_ofensiva | L38: =IF(INDEX(GRAFO!$L$2:'GRAFO'!$L$41,MATCH(I38,GRAFO!$L$2:'GRAFO'!$L$41,0),1)<>0,1,0) -> #N/A | M38: =IFERROR(L38,0) -> 0 | O38: =D38 & "-" & E38 & "-" & F38 -> operational_element-rdfs:seeAlso-operacao_ofensiva | T38: =IF(INDEX(GRAFO!$M$2:'GRAFO'!$M$41,MATCH(O38,GRAFO!$M$2:'GRAFO'!$M$41,0),1)<>0,1,0) -> #N/A | U38: =IFERROR(T38,0) -> 0
C39: =IF(INDEX($A$3:$B$30,MATCH(D7,$A$3:$A$30,0),2)<>0,"OK","NOK") -> NOK | D39: =IF(INDEX($A$3:$B$30,MATCH(D7,$A$3:$A$30,0),2)<>0,INDEX($A$3:$B$30,MATCH(D7,$A$3:$A$30,0),2),D7) -> basic_operation | E39: =IF(INDEX($A$35:$B$42,MATCH(E7,$A$35:$A$42,0),2)<>0,INDEX($A$35:$B$42,MATCH(E7,$A$35:$A$42,0),2),E7) -> rdfs:subClassOf | F39: =IF(INDEX($A$3:$B$30,MATCH(F7,$A$3:$A$30,0),2)<>0,INDEX($A$3:$B$30,MATCH(F7,$A$3:$A$30,0),2),F7) -> operacao_militar | G39: =IF(INDEX($A$3:$B$30,MATCH(F7,$A$3:$A$30,0),2)<>0,"OK","NOK") -> OK | I39: =D39 &"-"&F39 -> basic_operation-operacao_militar | L39: =IF(INDEX(GRAFO!$L$2:'GRAFO'!$L$41,MATCH(I39,GRAFO!$L$2:'GRAFO'!$L$41,0),1)<>0,1,0) -> #N/A | M39: =IFERROR(L39,0) -> 0 | O39: =D39 & "-" & E39 & "-" & F39 -> basic_operation-rdfs:subClassOf-operacao_militar | T39: =IF(INDEX(GRAFO!$M$2:'GRAFO'!$M$41,MATCH(O39,GRAFO!$M$2:'GRAFO'!$M$41,0),1)<>0,1,0) -> #N/A | U39: =IFERROR(T39,0) -> 0
C40: =IF(INDEX($A$3:$B$30,MATCH(D8,$A$3:$A$30,0),2)<>0,"OK","NOK") -> NOK | D40: =IF(INDEX($A$3:$B$30,MATCH(D8,$A$3:$A$30,0),2)<>0,INDEX($A$3:$B$30,MATCH(D8,$A$3:$A$30,0),2),D8) -> complementary_operation | E40: =IF(INDEX($A$35:$B$42,MATCH(E8,$A$35:$A$42,0),2)<>0,INDEX($A$35:$B$42,MATCH(E8,$A$35:$A$42,0),2),E8) -> rdfs:subClassOf | F40: =IF(INDEX($A$3:$B$30,MATCH(F8,$A$3:$A$30,0),2)<>0,INDEX($A$3:$B$30,MATCH(F8,$A$3:$A$30,0),2),F8) -> operacao_militar | G40: =IF(INDEX($A$3:$B$30,MATCH(F8,$A$3:$A$30,0),2)<>0,"OK","NOK") -> OK | I40: =D40 &"-"&F40 -> complementary_operation-operacao_militar | L40: =IF(INDEX(GRAFO!$L$2:'GRAFO'!$L$41,MATCH(I40,GRAFO!$L$2:'GRAFO'!$L$41,0),1)<>0,1,0) -> #N/A | M40: =IFERROR(L40,0) -> 0 | O40: =D40 & "-" & E40 & "-" & F40 -> complementary_operation-rdfs:subClassOf-operacao_militar | T40: =IF(INDEX(GRAFO!$M$2:'GRAFO'!$M$41,MATCH(O40,GRAFO!$M$2:'GRAFO'!$M$41,0),1)<>0,1,0) -> #N/A | U40: =IFERROR(T40,0) -> 0
C41: =IF(INDEX($A$3:$B$30,MATCH(D9,$A$3:$A$30,0),2)<>0,"OK","NOK") -> NOK | D41: =IF(INDEX($A$3:$B$30,MATCH(D9,$A$3:$A$30,0),2)<>0,INDEX($A$3:$B$30,MATCH(D9,$A$3:$A$30,0),2),D9) -> defensive_operation | E41: =IF(INDEX($A$35:$B$42,MATCH(E9,$A$35:$A$42,0),2)<>0,INDEX($A$35:$B$42,MATCH(E9,$A$35:$A$42,0),2),E9) -> rdfs:subClassOf | F41: =IF(INDEX($A$3:$B$30,MATCH(F9,$A$3:$A$30,0),2)<>0,INDEX($A$3:$B$30,MATCH(F9,$A$3:$A$30,0),2),F9) -> basic_operation | G41: =IF(INDEX($A$3:$B$30,MATCH(F9,$A$3:$A$30,0),2)<>0,"OK","NOK") -> NOK | I41: =D41 &"-"&F41 -> defensive_operation-basic_operation | L41: =IF(INDEX(GRAFO!$L$2:'GRAFO'!$L$41,MATCH(I41,GRAFO!$L$2:'GRAFO'!$L$41,0),1)<>0,1,0) -> #N/A | M41: =IFERROR(L41,0) -> 0 | O41: =D41 & "-" & E41 & "-" & F41 -> defensive_operation-rdfs:subClassOf-basic_operation | T41: =IF(INDEX(GRAFO!$M$2:'GRAFO'!$M$41,MATCH(O41,GRAFO!$M$2:'GRAFO'!$M$41,0),1)<>0,1,0) -> #N/A | U41: =IFERROR(T41,0) -> 0
C42: =IF(INDEX($A$3:$B$30,MATCH(D10,$A$3:$A$30,0),2)<>0,"OK","NOK") -> OK | D42: =IF(INDEX($A$3:$B$30,MATCH(D10,$A$3:$A$30,0),2)<>0,INDEX($A$3:$B$30,MATCH(D10,$A$3:$A$30,0),2),D10) -> operacao_militar | E42: =IF(INDEX($A$35:$B$42,MATCH(E10,$A$35:$A$42,0),2)<>0,INDEX($A$35:$B$42,MATCH(E10,$A$35:$A$42,0),2),E10) -> rdfs:subClassOf | F42: =IF(INDEX($A$3:$B$30,MATCH(F10,$A$3:$A$30,0),2)<>0,INDEX($A$3:$B$30,MATCH(F10,$A$3:$A$30,0),2),F10) -> basic_operation | G42: =IF(INDEX($A$3:$B$30,MATCH(F10,$A$3:$A$30,0),2)<>0,"OK","NOK") -> NOK | I42: =D42 &"-"&F42 -> operacao_militar-basic_operation | L42: =IF(INDEX(GRAFO!$L$2:'GRAFO'!$L$41,MATCH(I42,GRAFO!$L$2:'GRAFO'!$L$41,0),1)<>0,1,0) -> #N/A | M42: =IFERROR(L42,0) -> 0 | O42: =D42 & "-" & E42 & "-" & F42 -> operacao_militar-rdfs:subClassOf-basic_operation | T42: =IF(INDEX(GRAFO!$M$2:'GRAFO'!$M$41,MATCH(O42,GRAFO!$M$2:'GRAFO'!$M$41,0),1)<>0,1,0) -> #N/A | U42: =IFERROR(T42,0) -> 0
C43: =IF(INDEX($A$3:$B$30,MATCH(D11,$A$3:$A$30,0),2)<>0,"OK","NOK") -> NOK | D43: =IF(INDEX($A$3:$B$30,MATCH(D11,$A$3:$A$30,0),2)<>0,INDEX($A$3:$B$30,MATCH(D11,$A$3:$A$30,0),2),D11) -> basic_operation | E43: =IF(INDEX($A$35:$B$42,MATCH(E11,$A$35:$A$42,0),2)<>0,INDEX($A$35:$B$42,MATCH(E11,$A$35:$A$42,0),2),E11) -> rdfs:Bag | F43: =IF(INDEX($A$3:$B$30,MATCH(F11,$A$3:$A$30,0),2)<>0,INDEX($A$3:$B$30,MATCH(F11,$A$3:$A$30,0),2),F11) -> complementary_operation | G43: =IF(INDEX($A$3:$B$30,MATCH(F11,$A$3:$A$30,0),2)<>0,"OK","NOK") -> NOK | I43: =D43 &"-"&F43 -> basic_operation-complementary_operation | L43: =IF(INDEX(GRAFO!$L$2:'GRAFO'!$L$41,MATCH(I43,GRAFO!$L$2:'GRAFO'!$L$41,0),1)<>0,1,0) -> #N/A | M43: =IFERROR(L43,0) -> 0 | O43: =D43 & "-" & E43 & "-" & F43 -> basic_operation-rdfs:Bag-complementary_operation | T43: =IF(INDEX(GRAFO!$M$2:'GRAFO'!$M$41,MATCH(O43,GRAFO!$M$2:'GRAFO'!$M$41,0),1)<>0,1,0) -> #N/A | U43: =IFERROR(T43,0) -> 0
C44: =IF(INDEX($A$3:$B$30,MATCH(D12,$A$3:$A$30,0),2)<>0,"OK","NOK") -> NOK | D44: =IF(INDEX($A$3:$B$30,MATCH(D12,$A$3:$A$30,0),2)<>0,INDEX($A$3:$B$30,MATCH(D12,$A$3:$A$30,0),2),D12) -> tactical_operation_scenario | E44: =IF(INDEX($A$35:$B$42,MATCH(E12,$A$35:$A$42,0),2)<>0,INDEX($A$35:$B$42,MATCH(E12,$A$35:$A$42,0),2),E12) -> rdfs:seeAlso | F44: =IF(INDEX($A$3:$B$30,MATCH(F12,$A$3:$A$30,0),2)<>0,INDEX($A$3:$B$30,MATCH(F12,$A$3:$A$30,0),2),F12) -> operacao_ofensiva | G44: =IF(INDEX($A$3:$B$30,MATCH(F12,$A$3:$A$30,0),2)<>0,"OK","NOK") -> OK | I44: =D44 &"-"&F44 -> tactical_operation_scenario-operacao_ofensiva | L44: =IF(INDEX(GRAFO!$L$2:'GRAFO'!$L$41,MATCH(I44,GRAFO!$L$2:'GRAFO'!$L$41,0),1)<>0,1,0) -> #N/A | M44: =IFERROR(L44,0) -> 0 | O44: =D44 & "-" & E44 & "-" & F44 -> tactical_operation_scenario-rdfs:seeAlso-operacao_ofensiva | T44: =IF(INDEX(GRAFO!$M$2:'GRAFO'!$M$41,MATCH(O44,GRAFO!$M$2:'GRAFO'!$M$41,0),1)<>0,1,0) -> #N/A | U44: =IFERROR(T44,0) -> 0
C45: =IF(INDEX($A$3:$B$30,MATCH(D13,$A$3:$A$30,0),2)<>0,"OK","NOK") -> NOK | D45: =IF(INDEX($A$3:$B$30,MATCH(D13,$A$3:$A$30,0),2)<>0,INDEX($A$3:$B$30,MATCH(D13,$A$3:$A$30,0),2),D13) -> assembly_area_meeting_operation | E45: =IF(INDEX($A$35:$B$42,MATCH(E13,$A$35:$A$42,0),2)<>0,INDEX($A$35:$B$42,MATCH(E13,$A$35:$A$42,0),2),E13) -> rdfs:Bag | F45: =IF(INDEX($A$3:$B$30,MATCH(F13,$A$3:$A$30,0),2)<>0,INDEX($A$3:$B$30,MATCH(F13,$A$3:$A$30,0),2),F13) -> operacao_ofensiva | G45: =IF(INDEX($A$3:$B$30,MATCH(F13,$A$3:$A$30,0),2)<>0,"OK","NOK") -> OK | I45: =D45 &"-"&F45 -> assembly_area_meeting_operation-operacao_ofensiva | L45: =IF(INDEX(GRAFO!$L$2:'GRAFO'!$L$41,MATCH(I45,GRAFO!$L$2:'GRAFO'!$L$41,0),1)<>0,1,0) -> #N/A | M45: =IFERROR(L45,0) -> 0 | O45: =D45 & "-" & E45 & "-" & F45 -> assembly_area_meeting_operation-rdfs:Bag-operacao_ofensiva | T45: =IF(INDEX(GRAFO!$M$2:'GRAFO'!$M$41,MATCH(O45,GRAFO!$M$2:'GRAFO'!$M$41,0),1)<>0,1,0) -> #N/A | U45: =IFERROR(T45,0) -> 0
C46: =IF(INDEX($A$3:$B$30,MATCH(D14,$A$3:$A$30,0),2)<>0,"OK","NOK") -> OK | D46: =IF(INDEX($A$3:$B$30,MATCH(D14,$A$3:$A$30,0),2)<>0,INDEX($A$3:$B$30,MATCH(D14,$A$3:$A$30,0),2),D14) -> marcha_combate | E46: =IF(INDEX($A$35:$B$42,MATCH(E14,$A$35:$A$42,0),2)<>0,INDEX($A$35:$B$42,MATCH(E14,$A$35:$A$42,0),2),E14) -> rdfs:Bag | F46: =IF(INDEX($A$3:$B$30,MATCH(F14,$A$3:$A$30,0),2)<>0,INDEX($A$3:$B$30,MATCH(F14,$A$3:$A$30,0),2),F14) -> operacao_ofensiva | G46: =IF(INDEX($A$3:$B$30,MATCH(F14,$A$3:$A$30,0),2)<>0,"OK","NOK") -> OK | I46: =D46 &"-"&F46 -> marcha_combate-operacao_ofensiva | L46: =IF(INDEX(GRAFO!$L$2:'GRAFO'!$L$41,MATCH(I46,GRAFO!$L$2:'GRAFO'!$L$41,0),1)<>0,1,0) -> 1 | M46: =IFERROR(L46,0) -> 1 | O46: =D46 & "-" & E46 & "-" & F46 -> marcha_combate-rdfs:Bag-operacao_ofensiva | T46: =IF(INDEX(GRAFO!$M$2:'GRAFO'!$M$41,MATCH(O46,GRAFO!$M$2:'GRAFO'!$M$41,0),1)<>0,1,0) -> #N/A | U46: =IFERROR(T46,0) -> 0
C47: =IF(INDEX($A$3:$B$30,MATCH(D15,$A$3:$A$30,0),2)<>0,"OK","NOK") -> OK | D47: =IF(INDEX($A$3:$B$30,MATCH(D15,$A$3:$A$30,0),2)<>0,INDEX($A$3:$B$30,MATCH(D15,$A$3:$A$30,0),2),D15) -> ataque_coordenado | E47: =IF(INDEX($A$35:$B$42,MATCH(E15,$A$35:$A$42,0),2)<>0,INDEX($A$35:$B$42,MATCH(E15,$A$35:$A$42,0),2),E15) -> rdfs:Bag | F47: =IF(INDEX($A$3:$B$30,MATCH(F15,$A$3:$A$30,0),2)<>0,INDEX($A$3:$B$30,MATCH(F15,$A$3:$A$30,0),2),F15) -> operacao_ofensiva | G47: =IF(INDEX($A$3:$B$30,MATCH(F15,$A$3:$A$30,0),2)<>0,"OK","NOK") -> OK | I47: =D47 &"-"&F47 -> ataque_coordenado-operacao_ofensiva | L47: =IF(INDEX(GRAFO!$L$2:'GRAFO'!$L$41,MATCH(I47,GRAFO!$L$2:'GRAFO'!$L$41,0),1)<>0,1,0) -> 1 | M47: =IFERROR(L47,0) -> 1 | O47: =D47 & "-" & E47 & "-" & F47 -> ataque_coordenado-rdfs:Bag-operacao_ofensiva | T47: =IF(INDEX(GRAFO!$M$2:'GRAFO'!$M$41,MATCH(O47,GRAFO!$M$2:'GRAFO'!$M$41,0),1)<>0,1,0) -> #N/A | U47: =IFERROR(T47,0) -> 0
C48: =IF(INDEX($A$3:$B$30,MATCH(D16,$A$3:$A$30,0),2)<>0,"OK","NOK") -> OK | D48: =IF(INDEX($A$3:$B$30,MATCH(D16,$A$3:$A$30,0),2)<>0,INDEX($A$3:$B$30,MATCH(D16,$A$3:$A$30,0),2),D16) -> aproveitamento_do_exito | E48: =IF(INDEX($A$35:$B$42,MATCH(E16,$A$35:$A$42,0),2)<>0,INDEX($A$35:$B$42,MATCH(E16,$A$35:$A$42,0),2),E16) -> rdfs:Bag | F48: =IF(INDEX($A$3:$B$30,MATCH(F16,$A$3:$A$30,0),2)<>0,INDEX($A$3:$B$30,MATCH(F16,$A$3:$A$30,0),2),F16) -> operacao_ofensiva | G48: =IF(INDEX($A$3:$B$30,MATCH(F16,$A$3:$A$30,0),2)<>0,"OK","NOK") -> OK | I48: =D48 &"-"&F48 -> aproveitamento_do_exito-operacao_ofensiva | L48: =IF(INDEX(GRAFO!$L$2:'GRAFO'!$L$41,MATCH(I48,GRAFO!$L$2:'GRAFO'!$L$41,0),1)<>0,1,0) -> 1 | M48: =IFERROR(L48,0) -> 1 | O48: =D48 & "-" & E48 & "-" & F48 -> aproveitamento_do_exito-rdfs:Bag-operacao_ofensiva | T48: =IF(INDEX(GRAFO!$M$2:'GRAFO'!$M$41,MATCH(O48,GRAFO!$M$2:'GRAFO'!$M$41,0),1)<>0,1,0) -> #N/A | U48: =IFERROR(T48,0) -> 0
C49: =IF(INDEX($A$3:$B$30,MATCH(D17,$A$3:$A$30,0),2)<>0,"OK","NOK") -> OK | D49: =IF(INDEX($A$3:$B$30,MATCH(D17,$A$3:$A$30,0),2)<>0,INDEX($A$3:$B$30,MATCH(D17,$A$3:$A$30,0),2),D17) -> marcha_combate | E49: =IF(INDEX($A$35:$B$42,MATCH(E17,$A$35:$A$42,0),2)<>0,INDEX($A$35:$B$42,MATCH(E17,$A$35:$A$42,0),2),E17) -> rdfs:Bag | F49: =IF(INDEX($A$3:$B$30,MATCH(F17,$A$3:$A$30,0),2)<>0,INDEX($A$3:$B$30,MATCH(F17,$A$3:$A$30,0),2),F17) -> traffic_control_operation | G49: =IF(INDEX($A$3:$B$30,MATCH(F17,$A$3:$A$30,0),2)<>0,"OK","NOK") -> NOK | I49: =D49 &"-"&F49 -> marcha_combate-traffic_control_operation | L49: =IF(INDEX(GRAFO!$L$2:'GRAFO'!$L$41,MATCH(I49,GRAFO!$L$2:'GRAFO'!$L$41,0),1)<>0,1,0) -> #N/A | M49: =IFERROR(L49,0) -> 0 | O49: =D49 & "-" & E49 & "-" & F49 -> marcha_combate-rdfs:Bag-traffic_control_operation | T49: =IF(INDEX(GRAFO!$M$2:'GRAFO'!$M$41,MATCH(O49,GRAFO!$M$2:'GRAFO'!$M$41,0),1)<>0,1,0) -> #N/A | U49: =IFERROR(T49,0) -> 0
C50: =IF(INDEX($A$3:$B$30,MATCH(D18,$A$3:$A$30,0),2)<>0,"OK","NOK") -> OK | D50: =IF(INDEX($A$3:$B$30,MATCH(D18,$A$3:$A$30,0),2)<>0,INDEX($A$3:$B$30,MATCH(D18,$A$3:$A$30,0),2),D18) -> marcha_combate | E50: =IF(INDEX($A$35:$B$42,MATCH(E18,$A$35:$A$42,0),2)<>0,INDEX($A$35:$B$42,MATCH(E18,$A$35:$A$42,0),2),E18) -> rdfs:Bag | F50: =IF(INDEX($A$3:$B$30,MATCH(F18,$A$3:$A$30,0),2)<>0,INDEX($A$3:$B$30,MATCH(F18,$A$3:$A$30,0),2),F18) -> reconhecimento_em_forca | G50: =IF(INDEX($A$3:$B$30,MATCH(F18,$A$3:$A$30,0),2)<>0,"OK","NOK") -> OK | I50: =D50 &"-"&F50 -> marcha_combate-reconhecimento_em_forca | L50: =IF(INDEX(GRAFO!$L$2:'GRAFO'!$L$41,MATCH(I50,GRAFO!$L$2:'GRAFO'!$L$41,0),1)<>0,1,0) -> #N/A | M50: =IFERROR(L50,0) -> 0 | O50: =D50 & "-" & E50 & "-" & F50 -> marcha_combate-rdfs:Bag-reconhecimento_em_forca | T50: =IF(INDEX(GRAFO!$M$2:'GRAFO'!$M$41,MATCH(O50,GRAFO!$M$2:'GRAFO'!$M$41,0),1)<>0,1,0) -> #N/A | U50: =IFERROR(T50,0) -> 0
